{
  "JP225": {
    "params": {
      "bos_len": 14,
      "fib_618": 0.618,
      "fib_786": 0.9,
      "min_align": 2,
      "s2_lookback": 30,
      "require_s2": true,
      "max_hold": 96
    },
    "best_exit": "ev_dest",
    "n": 32,
    "ev": 0.8173200111812026,
    "wr": 0.15625,
    "stop_rate": 0.96875,
    "wf_in": null,
    "wf_out": null,
    "wf_robust": false,
    "sweep_top5": [
      {
        "bos_len": 14,
        "fib_618": 0.618,
        "fib_786": 0.9,
        "min_align": 2,
        "require_s2": true,
        "n": 32,
        "stop_rate": 0.96875,
        "tp1_dest": 0.15625,
        "tp1_bos": 0.125,
        "ev_dest": 0.8173200111812026,
        "ev_bos": -0.23223706056457183,
        "ev_split": 0.29254147530831537,
        "ev_new_struct": -0.23223706056457183,
        "ev_best": 0.8173200111812026,
        "best_exit": "ev_dest",
        "fvg_stop_pct": 0.28125
      },
      {
        "bos_len": 5,
        "fib_618": 0.5,
        "fib_786": 0.786,
        "min_align": 0,
        "require_s2": false,
        "n": 51,
        "stop_rate": 0.9607843137254902,
        "tp1_dest": 0.058823529411764705,
        "tp1_bos": 0.37254901960784315,
        "ev_dest": -0.22470718445715765,
        "ev_bos": 0.7361196272393655,
        "ev_split": -0.40263411534864435,
        "ev_new_struct": 0.7361196272393655,
        "ev_best": 0.7361196272393655,
        "best_exit": "ev_bos",
        "fvg_stop_pct": 0.27450980392156865
      },
      {
        "bos_len": 5,
        "fib_618": 0.5,
        "fib_786": 0.85,
        "min_align": 0,
        "require_s2": false,
        "n": 66,
        "stop_rate": 0.9696969696969697,
        "tp1_dest": 0.045454545454545456,
        "tp1_bos": 0.4696969696969697,
        "ev_dest": -0.4009100970805309,
        "ev_bos": 0.6761859000504883,
        "ev_split": -0.5414044631964796,
        "ev_new_struct": 0.6761859000504883,
        "ev_best": 0.6761859000504883,
        "best_exit": "ev_bos",
        "fvg_stop_pct": 0.3333333333333333
      },
      {
        "bos_len": 14,
        "fib_618": 0.618,
        "fib_786": 0.9,
        "min_align": 0,
        "require_s2": true,
        "n": 35,
        "stop_rate": 0.9714285714285714,
        "tp1_dest": 0.14285714285714285,
        "tp1_bos": 0.17142857142857143,
        "ev_dest": 0.661549724508528,
        "ev_bos": -0.1749053461266111,
        "ev_split": 0.18175220599617406,
        "ev_new_struct": -0.1749053461266111,
        "ev_best": 0.661549724508528,
        "best_exit": "ev_dest",
        "fvg_stop_pct": 0.3142857142857143
      },
      {
        "bos_len": 10,
        "fib_618": 0.618,
        "fib_786": 0.9,
        "min_align": 3,
        "require_s2": false,
        "n": 38,
        "stop_rate": 1.0,
        "tp1_dest": 0.15789473684210525,
        "tp1_bos": 0.21052631578947367,
        "ev_dest": 0.5800528291049503,
        "ev_bos": 0.20526367918867602,
        "ev_split": 0.22965643730940002,
        "ev_new_struct": 0.20526367918867602,
        "ev_best": 0.5800528291049503,
        "best_exit": "ev_dest",
        "fvg_stop_pct": 0.3157894736842105
      }
    ]
  },
  "USTEC": {
    "params": {
      "bos_len": 14,
      "fib_618": 0.5,
      "fib_786": 0.786,
      "min_align": 2,
      "s2_lookback": 30,
      "require_s2": false,
      "max_hold": 96
    },
    "best_exit": "ev_dest",
    "n": 55,
    "ev": 1.9508440768564237,
    "wr": 0.3090909090909091,
    "stop_rate": 0.9454545454545454,
    "wf_in": null,
    "wf_out": null,
    "wf_robust": false,
    "sweep_top5": [
      {
        "bos_len": 14,
        "fib_618": 0.5,
        "fib_786": 0.786,
        "min_align": 2,
        "require_s2": false,
        "n": 55,
        "stop_rate": 0.9454545454545454,
        "tp1_dest": 0.3090909090909091,
        "tp1_bos": 0.34545454545454546,
        "ev_dest": 1.9508440768564237,
        "ev_bos": 0.4484763266383077,
        "ev_split": 1.1309387936751905,
        "ev_new_struct": 0.4484763266383077,
        "ev_best": 1.9508440768564237,
        "best_exit": "ev_dest",
        "fvg_stop_pct": 0.32727272727272727
      },
      {
        "bos_len": 14,
        "fib_618": 0.618,
        "fib_786": 0.786,
        "min_align": 2,
        "require_s2": false,
        "n": 34,
        "stop_rate": 1.0,
        "tp1_dest": 0.23529411764705882,
        "tp1_bos": 0.29411764705882354,
        "ev_dest": 1.8763018007083487,
        "ev_bos": 0.4885273193689989,
        "ev_split": 1.111307447846407,
        "ev_new_struct": 0.4885273193689989,
        "ev_best": 1.8763018007083487,
        "best_exit": "ev_dest",
        "fvg_stop_pct": 0.38235294117647056
      },
      {
        "bos_len": 14,
        "fib_618": 0.5,
        "fib_786": 0.85,
        "min_align": 2,
        "require_s2": false,
        "n": 71,
        "stop_rate": 0.9577464788732394,
        "tp1_dest": 0.30985915492957744,
        "tp1_bos": 0.38028169014084506,
        "ev_dest": 1.3062671710817964,
        "ev_bos": 0.2868499694060784,
        "ev_split": 0.6983195488242893,
        "ev_new_struct": 0.2868499694060784,
        "ev_best": 1.3062671710817964,
        "best_exit": "ev_dest",
        "fvg_stop_pct": 0.4225352112676056
      },
      {
        "bos_len": 14,
        "fib_618": 0.618,
        "fib_786": 0.85,
        "min_align": 2,
        "require_s2": false,
        "n": 50,
        "stop_rate": 1.0,
        "tp1_dest": 0.26,
        "tp1_bos": 0.34,
        "ev_dest": 1.193352517510073,
        "ev_bos": 0.2866321997668239,
        "ev_split": 0.6493103536374828,
        "ev_new_struct": 0.2866321997668239,
        "ev_best": 1.193352517510073,
        "best_exit": "ev_dest",
        "fvg_stop_pct": 0.44
      },
      {
        "bos_len": 14,
        "fib_618": 0.5,
        "fib_786": 0.9,
        "min_align": 2,
        "require_s2": false,
        "n": 84,
        "stop_rate": 0.9642857142857143,
        "tp1_dest": 0.32142857142857145,
        "tp1_bos": 0.44047619047619047,
        "ev_dest": 1.081679409519966,
        "ev_bos": 0.2783945715055226,
        "ev_split": 0.549491258962445,
        "ev_new_struct": 0.2783945715055226,
        "ev_best": 1.081679409519966,
        "best_exit": "ev_dest",
        "fvg_stop_pct": 0.4523809523809524
      }
    ]
  }
}